{"cameraMode":{"drawMode":0,"name":"Shaded","section":"Shading Mode"},"sceneLighting":false,"audioPlay":false,"sceneViewState":{"showFog":true,"showMaterialUpdate":false,"showSkybox":false,"showFlares":true,"showImageEffects":true,"showParticleSystems":true},"in2DMode":false,"pivot":{"x":0.07817381620407105,"y":1.806601881980896,"z":-0.29883044958114626},"rotation":{"x":-0.07610958814620972,"y":0.923637866973877,"z":-0.27694299817085268,"w":-0.2538333535194397},"size":7.937589645385742,"orthographic":false}